ID,Section,Page Type,Proposed URL,Proposed Page Name,Parent Pillar,Primary Keyword,Secondary Keywords,Search Intent,Buyer Stage,Geographic Focus,Commercial Value,Content Difficulty,Business Verification Required,Required Assets,Internal Links In,Internal Links Out,CTA,Schema Type,Indexation Status,Sitemap Status,Priority,Phase,Notes
HOME-001,Home,Homepage,/,Aero Carbon Tech Homepage,Root,carbon fiber products OEM,"carbon fiber sheets; tubes; CNC parts",Transactional,RFQ,Middle East / GCC,High,High,No,"Existing audited assets",Global,Products; Capabilities; Applications; RFQ,Send RFQ,Organization/WebSite candidate,INDEX NOW,INCLUDE,High,0,Protected production baseline
PROD-001,Products,Pillar,/products/,Carbon Fiber Products,Home,carbon fiber products,"sheets; plates; tubes; custom parts",Commercial Investigation,Consideration,Global / GCC,High,High,Yes,"Verified taxonomy; product photos",Home; Resources,Product pillars; Applications; RFQ,Request Product Quote,BreadcrumbList,INDEX AFTER CONTENT COMPLETE,EXCLUDE UNTIL QA,High,1,Do not create duplicate of homepage product section
PROD-002,Products,Pillar,/products/carbon-fiber-sheets/,Carbon Fiber Sheets,Products,carbon fiber sheets,"carbon fiber plate; custom sheet; 3K sheet",Transactional,Supplier Evaluation,Global / GCC,Very High,High,Yes,"Verified sizes; thicknesses; finishes; photos; QC",Products; Resources; Applications,Thickness; Weave; CNC; Applications; RFQ,Request Sheet Quote,Product only if verified,INDEX AFTER CONTENT COMPLETE,EXCLUDE UNTIL QA,Critical,1,Primary product pillar
PROD-003,Products,Product,/products/carbon-fiber-plates/,Carbon Fiber Plates,Carbon Fiber Sheets,carbon fiber plates,"CNC plate; structural plate",Transactional,Supplier Evaluation,Global / GCC,High,High,Yes,"Distinct plate specs; images",Sheets; Applications,CNC; Thickness; RFQ,Request Plate Quote,Product if verified,NEEDS BUSINESS VERIFICATION,EXCLUDE,Medium,2,Combine with sheets if intent/specs overlap
PROD-004,Products,Product,/products/carbon-fiber-sheets/1mm/,1 mm Carbon Fiber Sheet,Carbon Fiber Sheets,1mm carbon fiber sheet,"thin carbon sheet",Transactional,RFQ,Global,Medium,Medium,Yes,"Supply confirmation; specs; images",Sheets,Selection; RFQ,Request Quote,Product if verified,NEEDS BUSINESS VERIFICATION,EXCLUDE,Low,2,Do not create until genuine supply and unique content
PROD-005,Products,Product,/products/carbon-fiber-sheets/1-5mm/,1.5 mm Carbon Fiber Sheet,Carbon Fiber Sheets,1.5mm carbon fiber sheet,"carbon plate thickness",Transactional,RFQ,Global,Medium,Medium,Yes,"Supply confirmation; specs; images",Sheets,Thickness guide; RFQ,Request Quote,Product if verified,NEEDS BUSINESS VERIFICATION,EXCLUDE,Low,2,URL uses hyphen for decimal
PROD-006,Products,Product,/products/carbon-fiber-sheets/2mm/,2 mm Carbon Fiber Sheet,Carbon Fiber Sheets,2mm carbon fiber sheet,"2 mm carbon plate",Transactional,RFQ,Global,Medium,Medium,Yes,"Supply confirmation; specs; images",Sheets,Thickness guide; RFQ,Request Quote,Product if verified,NEEDS BUSINESS VERIFICATION,EXCLUDE,Low,2,Potentially consolidate as selectable variation
PROD-007,Products,Product,/products/carbon-fiber-sheets/3mm/,3 mm Carbon Fiber Sheet,Carbon Fiber Sheets,3mm carbon fiber sheet,"3 mm carbon plate",Transactional,RFQ,Global,Medium,Medium,Yes,"Supply confirmation; specs; images",Sheets,Thickness guide; RFQ,Request Quote,Product if verified,NEEDS BUSINESS VERIFICATION,EXCLUDE,Low,2,Potentially consolidate as selectable variation
PROD-008,Products,Product,/products/carbon-fiber-sheets/4mm/,4 mm Carbon Fiber Sheet,Carbon Fiber Sheets,4mm carbon fiber sheet,"4 mm carbon plate",Transactional,RFQ,Global,Medium,Medium,Yes,"Supply confirmation; specs; images",Sheets,Thickness guide; RFQ,Request Quote,Product if verified,NEEDS BUSINESS VERIFICATION,EXCLUDE,Low,2,Potentially consolidate as selectable variation
PROD-009,Products,Product,/products/carbon-fiber-sheets/5mm/,5 mm Carbon Fiber Sheet,Carbon Fiber Sheets,5mm carbon fiber sheet,"5 mm carbon plate",Transactional,RFQ,Global,Medium,Medium,Yes,"Supply confirmation; specs; images",Sheets,Thickness guide; RFQ,Request Quote,Product if verified,NEEDS BUSINESS VERIFICATION,EXCLUDE,Low,2,Potentially consolidate as selectable variation
PROD-010,Products,Product,/products/3k-carbon-fiber-sheets/,3K Carbon Fiber Sheets,Carbon Fiber Sheets,3K carbon fiber sheet,"3K twill sheet; 3K plain sheet",Transactional,Consideration,Global,Medium,High,Yes,"Construction verification; weave images",Sheets,Weave guide; RFQ,Request Quote,Product if verified,NEEDS BUSINESS VERIFICATION,EXCLUDE,Medium,2,May be a section instead of URL
PROD-011,Products,Product,/products/matte-carbon-fiber-sheets/,Matte Carbon Fiber Sheets,Carbon Fiber Sheets,matte carbon fiber sheet,"matte finish carbon plate",Transactional,Consideration,Global,Medium,Medium,Yes,"Finish verification; samples",Sheets,Finish guide; RFQ,Request Finish Sample,Product if verified,NEEDS BUSINESS VERIFICATION,EXCLUDE,Low,2,Consolidate if thin
PROD-012,Products,Product,/products/gloss-carbon-fiber-sheets/,Gloss Carbon Fiber Sheets,Carbon Fiber Sheets,gloss carbon fiber sheet,"gloss carbon plate",Transactional,Consideration,Global,Medium,Medium,Yes,"Finish verification; samples",Sheets,Finish guide; RFQ,Request Finish Sample,Product if verified,NEEDS BUSINESS VERIFICATION,EXCLUDE,Low,2,Consolidate if thin
PROD-013,Products,Product,/products/twill-weave-carbon-fiber-sheets/,Twill Weave Carbon Fiber Sheets,Carbon Fiber Sheets,twill weave carbon fiber sheet,"3K twill plate",Transactional,Consideration,Global,Medium,High,Yes,"Weave verification; close-ups",Sheets,Weave guide; RFQ,Request Quote,Product if verified,NEEDS BUSINESS VERIFICATION,EXCLUDE,Low,2,May be a section
PROD-014,Products,Product,/products/plain-weave-carbon-fiber-sheets/,Plain Weave Carbon Fiber Sheets,Carbon Fiber Sheets,plain weave carbon fiber sheet,"plain carbon plate",Transactional,Consideration,Global,Medium,High,Yes,"Weave verification; close-ups",Sheets,Weave guide; RFQ,Request Quote,Product if verified,NEEDS BUSINESS VERIFICATION,EXCLUDE,Low,2,May be a section
PROD-015,Products,Product,/products/custom-size-carbon-fiber-sheets/,Custom Size Carbon Fiber Sheets,Carbon Fiber Sheets,custom size carbon fiber sheets,"cut to size carbon sheet",Transactional,RFQ,Global / GCC,High,High,Yes,"Size limits; cutting proof; drawings",Sheets; CNC,CNC cutting; size guide; RFQ,Send Dimensions,Product if verified,NEEDS BUSINESS VERIFICATION,EXCLUDE,High,2,Commercially distinct after verification
PROD-016,Products,Product,/products/cnc-cut-carbon-fiber-plates/,CNC Cut Carbon Fiber Plates,Custom Carbon Fiber Parts,CNC cut carbon fiber plates,"machined carbon plates",Transactional,RFQ,Global / GCC,High,High,Yes,"Process proof; file workflow; QC",Sheets; CNC guide,CNC capability; applications; RFQ,Send Drawing,Product if verified,NEEDS BUSINESS VERIFICATION,EXCLUDE,High,2,Avoid overlap with CNC parts
PROD-017,Products,Pillar,/products/custom-carbon-fiber-parts/,Custom Carbon Fiber Parts,Products,custom carbon fiber parts,"custom components; drawing based parts",Transactional,RFQ,Global / GCC,Very High,High,Yes,"Part portfolio; drawing workflow; QC",Products; Capabilities; Applications,CNC; DFM; RFQ,Send Your Drawing,Product/Service if verified,INDEX AFTER CONTENT COMPLETE,EXCLUDE UNTIL QA,Critical,1,Phase 1 pillar
PROD-018,Products,Product,/products/carbon-fiber-tubes/,Carbon Fiber Tubes,Products,carbon fiber tubes,"custom carbon tubes; tube supplier",Transactional,Supplier Evaluation,Global / GCC,High,High,Yes,"Tube process; dimensions; photos",Products; Applications,Selection; RFQ,Request Tube Quote,Product if verified,NEEDS BUSINESS VERIFICATION,EXCLUDE,Medium,2,Verify pultruded/roll-wrapped availability
PROD-019,Products,Product,/products/carbon-fiber-rods/,Carbon Fiber Rods,Products,carbon fiber rods,"solid carbon rod",Transactional,Supplier Evaluation,Global,Medium,Medium,Yes,"Rod types; dimensions; photos",Products,Selection; RFQ,Request Rod Quote,Product if verified,NEEDS BUSINESS VERIFICATION,EXCLUDE,Low,2,Verify supply
PROD-020,Products,Product,/products/cnc-carbon-fiber-parts/,CNC Carbon Fiber Parts,Custom Carbon Fiber Parts,CNC carbon fiber parts,"machined carbon components",Transactional,RFQ,Global / GCC,High,High,Yes,"CNC proof; part photos; inputs",Custom Parts; Capabilities,CNC; DFM; RFQ,Send CAD Files,Product/Service if verified,NEEDS BUSINESS VERIFICATION,EXCLUDE,High,1,Decide separation from custom parts
CAP-001,Capabilities,Pillar,/capabilities/,Carbon Fiber Manufacturing Capabilities,Home,carbon fiber manufacturing capabilities,"CNC cutting; finishing; inspection",Commercial Investigation,Supplier Evaluation,Global / GCC,High,High,Yes,"Verified process list; audit proof",Home; Products,Capability pages; Applications; RFQ,Discuss Your Requirement,BreadcrumbList,NOINDEX PLACEHOLDER,EXCLUDE,High,1,Foundation implemented for Preview
CAP-002,Capabilities,Capability,/capabilities/cnc-machining/,Carbon Fiber CNC Machining,Capabilities,carbon fiber CNC machining,"CNC cutting; milling; drilling",Transactional,RFQ,Global / GCC,Very High,High,Yes,"Equipment/process proof; accepted files; QC",Capabilities; Products,CNC guides; Applications; RFQ,Send Drawing,Service if verified,NEEDS BUSINESS VERIFICATION,EXCLUDE,Critical,1,No invented tolerances/models
CAP-003,Capabilities,Capability,/capabilities/cnc-cutting/,Carbon Fiber CNC Cutting,Capabilities,carbon fiber CNC cutting,"sheet cutting; plate cutting",Transactional,RFQ,Global,High,High,Yes,"Cutting proof; design inputs",Capabilities; Sheets,DFM guide; RFQ,Send Drawing,Service if verified,NEEDS BUSINESS VERIFICATION,EXCLUDE,Medium,2,May combine with CNC machining
CAP-004,Capabilities,Capability,/capabilities/carbon-fiber-sheet-cutting/,Carbon Fiber Sheet Cutting,Capabilities,carbon fiber sheet cutting,"cut to size carbon sheet",Transactional,RFQ,Global,High,Medium,Yes,"Sheet proof; size limits",Sheets; Capabilities,Size guide; RFQ,Send Dimensions,Service if verified,NEEDS BUSINESS VERIFICATION,EXCLUDE,High,2,Potential overlap with custom-size sheets
CAP-005,Capabilities,Capability,/capabilities/drilling-and-milling/,Carbon Fiber Drilling and Milling,Capabilities,carbon fiber drilling,"carbon milling; hole machining",Commercial Investigation,Consideration,Global,Medium,High,Yes,"Process proof; design considerations",CNC; Guides,Hole guide; RFQ,Send Drawing,Service if verified,NEEDS BUSINESS VERIFICATION,EXCLUDE,Medium,2,Do not state tolerances without evidence
CAP-006,Capabilities,Capability,/capabilities/edge-and-surface-finishing/,Edge and Surface Finishing,Capabilities,carbon fiber edge finishing,"surface finishing; protective coating",Commercial Investigation,Consideration,Global,Medium,High,Yes,"Finish types; photos; verification",Capabilities; Products,Finish guide; RFQ,Discuss Finish,Service if verified,NEEDS BUSINESS VERIFICATION,EXCLUDE,Medium,2,Verify finishing menu
CAP-007,Capabilities,Capability,/capabilities/drawing-based-manufacturing/,Drawing-Based Manufacturing,Capabilities,custom drawing carbon fiber manufacturing,"CAD carbon parts",Transactional,RFQ,Global / GCC,High,High,Yes,"Accepted formats; workflow",Custom Parts; Guides,CNC; Applications; RFQ,Send Drawing,Service if verified,NEEDS BUSINESS VERIFICATION,EXCLUDE,High,2,Verify file formats and process
CAP-008,Capabilities,Capability,/capabilities/prototype-and-small-batch/,Prototype and Small-Batch Production,Capabilities,carbon fiber prototype manufacturing,"small batch carbon parts",Transactional,RFQ,Global / GCC,High,High,Yes,"MOQ policy; sample workflow",Products; Applications,DFM; RFQ,Discuss Prototype,Service if verified,NEEDS BUSINESS VERIFICATION,EXCLUDE,High,2,No lead-time promise
CAP-009,Capabilities,Capability,/capabilities/quality-inspection/,Quality Inspection,Capabilities,carbon fiber quality inspection,"dimensional inspection; surface review",Commercial Investigation,Supplier Evaluation,Global / GCC,High,High,Yes,"Inspection process; instruments; records",Products; Procurement,RFQ; Factory proof,Request Quality Documents,Service if verified,NEEDS BUSINESS VERIFICATION,EXCLUDE,High,2,Do not invent test methods
CAP-010,Capabilities,Capability,/capabilities/export-packaging/,Packaging for Export,Capabilities,carbon fiber export packaging,"sheet packaging; export shipping",Commercial Investigation,Purchase,Middle East / GCC,High,Medium,Yes,"Packaging examples; options",Procurement; Regional,Shipping guide; RFQ,Discuss Packaging,Service if verified,NEEDS BUSINESS VERIFICATION,EXCLUDE,Medium,2,Verify available documents/options
APP-001,Applications,Pillar,/applications/,Carbon Fiber Applications,Home,carbon fiber applications,"UAV; robotics; industrial equipment",Commercial Investigation,Consideration,Middle East / GCC,High,High,Yes,"Relevant product/application imagery",Home; Products,Application pillars; Products; RFQ,Discuss Your Application,BreadcrumbList,NOINDEX PLACEHOLDER,EXCLUDE,High,1,Foundation implemented for Preview
APP-002,Applications,Pillar,/applications/uav-and-drones/,Carbon Fiber for UAV and Drone Applications,Applications,carbon fiber for drones,"UAV sheets; drone frames; CNC plates",Commercial Investigation,Consideration,Middle East / GCC,Very High,High,Yes,"Civil-use examples; component proof",Applications; Sheets; CNC,Products; CNC; Guides; RFQ,Discuss UAV Components,Service candidate,INDEX AFTER CONTENT COMPLETE,EXCLUDE UNTIL QA,Critical,1,Civil/commercial only
APP-003,Applications,Application,/applications/industrial-drones/,Carbon Fiber Plates for Industrial Drones,UAV and Drone Applications,carbon fiber plates for industrial drones,"inspection drone plate",Commercial Investigation,Consideration,Middle East / GCC,High,High,Yes,"Component examples; requirements",UAV pillar,Sheets; CNC; Guide; RFQ,Send Requirements,None,NEEDS BUSINESS VERIFICATION,EXCLUDE,Medium,2,No deployment claims
APP-004,Applications,Application,/applications/inspection-drones/,Carbon Fiber Parts for Inspection Drones,UAV and Drone Applications,carbon fiber parts for inspection drones,"industrial inspection UAV",Commercial Investigation,Consideration,Middle East / GCC,High,High,Yes,"Civil inspection context; parts",UAV; Inspection,Products; CNC; RFQ,Discuss Components,None,NEEDS BUSINESS VERIFICATION,EXCLUDE,High,2,Oil/gas and infrastructure wording must stay civil
APP-005,Applications,Application,/applications/surveying-uavs/,Carbon Fiber Components for Surveying UAVs,UAV and Drone Applications,carbon fiber for surveying UAVs,"mapping drone components",Commercial Investigation,Consideration,Middle East / GCC,Medium,High,Yes,"Surveying context; part proof",UAV,Products; Guide; RFQ,Discuss Components,None,NEEDS BUSINESS VERIFICATION,EXCLUDE,Medium,2,No performance claims
APP-006,Applications,Pillar,/applications/robotics/,Carbon Fiber for Robotics,Applications,carbon fiber for robotics,"robot chassis plates; automation parts",Commercial Investigation,Consideration,Global / GCC,High,High,Yes,"Robotics-relevant parts",Applications; Products,Sheets; CNC; Guide; RFQ,Discuss Robotics Parts,None,INDEX AFTER CONTENT COMPLETE,EXCLUDE UNTIL QA,High,2,Phase 2 pillar
APP-007,Applications,Application,/applications/robot-chassis-plates/,Carbon Fiber Plates for Robot Chassis,Robotics Applications,carbon fiber robot chassis plate,"robot base plate",Commercial Investigation,Consideration,Global,Medium,High,Yes,"Chassis examples; design inputs",Robotics,Sheets; CNC; RFQ,Send Chassis Drawing,None,NEEDS BUSINESS VERIFICATION,EXCLUDE,Medium,2,No load claims without data
APP-008,Applications,Application,/applications/automation-equipment/,Carbon Fiber Components for Automation Equipment,Robotics Applications,carbon fiber automation components,"lightweight automation parts",Commercial Investigation,Consideration,Global / GCC,Medium,High,Yes,"Relevant industrial examples",Robotics; Industrial,Custom Parts; CNC; RFQ,Discuss Components,None,NEEDS BUSINESS VERIFICATION,EXCLUDE,Medium,2,Distinct proof required
APP-009,Applications,Application,/applications/industrial-equipment/,Carbon Fiber Panels for Industrial Equipment,Applications,carbon fiber industrial panels,"lightweight equipment panels",Commercial Investigation,Consideration,Middle East / GCC,High,High,Yes,"Panel examples; use constraints",Applications,Sheets; CNC; RFQ,Discuss Panel Requirements,None,NEEDS BUSINESS VERIFICATION,EXCLUDE,High,2,No industry-client claims
APP-010,Applications,Application,/applications/inspection-systems/,Carbon Fiber Parts for Inspection Systems,Applications,carbon fiber inspection system parts,"inspection equipment components",Commercial Investigation,Consideration,Middle East / GCC,High,High,Yes,"Inspection-system component proof",Applications; Procurement,Products; CNC; RFQ,Discuss Components,None,NEEDS BUSINESS VERIFICATION,EXCLUDE,High,2,Civil industrial scope
APP-011,Applications,Application,/applications/automotive-prototypes/,Carbon Fiber Components for Automotive Prototypes,Applications,carbon fiber automotive prototypes,"prototype plates; trim components",Commercial Investigation,Consideration,Global / GCC,Medium,High,Yes,"Automotive prototype examples",Applications,Products; Prototype; RFQ,Discuss Prototype,None,NEEDS BUSINESS VERIFICATION,EXCLUDE,Medium,2,No OEM client claims
APP-012,Applications,Application,/applications/marine-applications/,Carbon Fiber Sheets for Marine Applications,Applications,carbon fiber sheets for marine applications,"marine carbon parts",Commercial Investigation,Consideration,Middle East / GCC,Medium,High,Yes,"Marine suitability evidence",Applications,Sheets; Finishing; RFQ,Discuss Marine Application,None,NEEDS BUSINESS VERIFICATION,EXCLUDE,Medium,3,No corrosion claim without material context
RES-001,Resources,Pillar,/resources/,Carbon Fiber Resources,Home,carbon fiber resources,"selection; CNC design; procurement",Informational,Awareness,Global / GCC,Medium,High,No,"Editorial standards; approved taxonomy",Future nav; Products,Clusters; Products; Capabilities; RFQ,Explore Buyer Guides,BreadcrumbList,NOINDEX PLACEHOLDER,EXCLUDE,High,1,Foundation implemented for Preview
RES-002,Resources,Resource,/resources/how-to-choose-carbon-fiber-sheet/,How to Choose Carbon Fiber Sheet,Sheet Selection,how to choose carbon fiber sheet,"sheet selection guide",Informational,Consideration,Global,High,High,Yes,"Verified selection criteria; diagrams",Resources; Sheets,Sheets; Thickness; Applications; RFQ,Request Sheet Guidance,Article after completion,INDEX AFTER CONTENT COMPLETE,EXCLUDE UNTIL QA,High,1,Original technical review required
RES-003,Resources,Resource,/resources/carbon-fiber-sheet-thickness-guide/,Carbon Fiber Sheet Thickness Guide,Sheet Selection,carbon fiber sheet thickness guide,"plate thickness selection",Informational,Consideration,Global,High,High,Yes,"Verified thickness availability; engineering review",Resources; Sheets,Sheets; CNC; Applications; RFQ,Discuss Thickness,Article after completion,INDEX AFTER CONTENT COMPLETE,EXCLUDE UNTIL QA,Critical,1,Do not publish unsupported thicknesses
RES-004,Resources,Resource,/resources/carbon-fiber-sheet-size-guide/,Carbon Fiber Sheet Size Guide,Sheet Selection,carbon fiber sheet size guide,"custom sheet dimensions",Informational,Consideration,Global,Medium,Medium,Yes,"Available sizes; packaging constraints",Resources; Sheets,Sheets; Cutting; RFQ,Send Dimensions,Article after completion,INDEX AFTER CONTENT COMPLETE,EXCLUDE UNTIL QA,Medium,2,Verify stock/custom sizes
RES-005,Resources,Resource,/resources/carbon-fiber-sheet-weave-guide/,Carbon Fiber Sheet Weave Guide,Sheet Selection,carbon fiber sheet weave guide,"twill vs plain weave",Informational,Awareness,Global,Medium,High,Yes,"Weave samples; factual review",Resources; Sheets,Sheets; Finish; RFQ,Compare Available Weaves,Article after completion,INDEX AFTER CONTENT COMPLETE,EXCLUDE UNTIL QA,Medium,2,Separate aesthetics from structural properties
RES-006,Resources,Comparison,/resources/matte-vs-gloss-carbon-fiber-sheet/,Matte vs Gloss Carbon Fiber Sheet,Sheet Selection,matte vs gloss carbon fiber sheet,"carbon sheet finish comparison",Informational,Consideration,Global,Medium,Medium,Yes,"Finish samples; maintenance facts",Resources; Sheets,Sheets; Finishing; RFQ,Request Finish Sample,Article after completion,INDEX AFTER CONTENT COMPLETE,EXCLUDE UNTIL QA,Medium,2,No superiority claim without context
RES-007,Resources,Comparison,/resources/twill-vs-plain-weave-carbon-fiber/,Twill vs Plain Weave Carbon Fiber,Sheet Selection,twill vs plain weave carbon fiber,"carbon weave comparison",Informational,Awareness,Global,Medium,High,Yes,"Original weave images; technical review",Resources; Sheets,Sheets; RFQ,Compare Weaves,Article after completion,INDEX AFTER CONTENT COMPLETE,EXCLUDE UNTIL QA,Medium,2,Avoid overlap with weave guide; combine if needed
RES-008,Resources,Resource,/resources/carbon-fiber-sheet-quality-checklist/,Carbon Fiber Sheet Quality Checklist,Sheet Selection,carbon fiber sheet quality checklist,"sheet inspection; supplier quality",Commercial Investigation,Supplier Evaluation,Global / GCC,High,High,Yes,"Verified QC process; examples",Resources; Procurement,Sheets; Inspection; RFQ,Request Quality Documents,Article after completion,INDEX AFTER CONTENT COMPLETE,EXCLUDE UNTIL QA,High,2,No invented acceptance limits
RES-009,Resources,Resource,/resources/custom-cnc-carbon-fiber-parts/,Custom CNC Carbon Fiber Parts Guide,CNC Design Guides,custom CNC carbon fiber parts,"CNC design; custom carbon parts",Commercial Investigation,Consideration,Global / GCC,High,High,Yes,"Process input; part examples; CAD review",Resources; Custom Parts,Custom Parts; CNC; DFM; RFQ,Send CAD Files,Article after completion,INDEX AFTER CONTENT COMPLETE,EXCLUDE UNTIL QA,Critical,1,Guide not duplicate product page
RES-010,Resources,Resource,/resources/prepare-cad-files-carbon-fiber-parts/,How to Prepare CAD Files for Carbon Fiber Parts,CNC Design Guides,CAD files for carbon fiber parts,"DXF; DWG; drawing requirements",Informational,Consideration,Global,High,High,Yes,"Accepted formats; checklist",Resources; CNC,Custom Parts; CNC; RFQ,Prepare Your RFQ,Article after completion,INDEX AFTER CONTENT COMPLETE,EXCLUDE UNTIL QA,High,2,Verify file formats
RES-011,Resources,Resource,/resources/hole-edge-design-carbon-fiber-parts/,Hole and Edge Design for Carbon Fiber Parts,CNC Design Guides,carbon fiber hole design,"edge design; drilling considerations",Informational,Consideration,Global,Medium,High,Yes,"Engineering review; diagrams",Resources; CNC,CNC; Custom Parts; RFQ,Discuss Your Design,Article after completion,INDEX AFTER CONTENT COMPLETE,EXCLUDE UNTIL QA,Medium,2,No unsupported minimums
RES-012,Resources,Resource,/resources/design-for-manufacturing-carbon-fiber-plates/,Design for Manufacturing of Carbon Fiber Plates,CNC Design Guides,carbon fiber plate DFM,"CNC plate design",Informational,Consideration,Global,High,High,Yes,"Engineering review; examples",Resources; CNC,Sheets; CNC; Applications; RFQ,Request DFM Review,Article after completion,INDEX AFTER CONTENT COMPLETE,EXCLUDE UNTIL QA,High,2,No tolerance claims
RES-013,Resources,Comparison,/resources/carbon-fiber-sheet-vs-aluminum/,Carbon Fiber Sheet vs Aluminum,Comparisons,carbon fiber sheet vs aluminum,"material comparison",Informational,Awareness,Global,High,High,Yes,"Sourced properties; selection framework",Resources; Applications,Sheets; Selection; RFQ,Discuss Material Selection,Article after completion,INDEX AFTER CONTENT COMPLETE,EXCLUDE UNTIL QA,Medium,3,Avoid universal better/worse claims
RES-014,Resources,Comparison,/resources/carbon-fiber-plate-vs-fiberglass/,Carbon Fiber Plate vs Fiberglass,Comparisons,carbon fiber plate vs fiberglass,"composite comparison",Informational,Awareness,Global,Medium,High,Yes,"Sourced comparison data",Resources,Sheets; Selection; RFQ,Discuss Material Selection,Article after completion,INDEX AFTER CONTENT COMPLETE,EXCLUDE UNTIL QA,Low,3,Contextual comparison only
RES-015,Resources,Comparison,/resources/carbon-fiber-vs-g10/,Carbon Fiber vs G10,Comparisons,carbon fiber vs G10,"plate material comparison",Informational,Awareness,Global,Medium,High,Yes,"Sourced comparison data",Resources,Sheets; Selection; RFQ,Discuss Material Selection,Article after completion,INDEX AFTER CONTENT COMPLETE,EXCLUDE UNTIL QA,Low,3,No unsourced performance table
RES-016,Resources,Comparison,/resources/cnc-vs-molded-carbon-fiber-parts/,CNC Carbon Fiber Parts vs Molded Carbon Fiber Parts,Comparisons,CNC vs molded carbon fiber parts,"manufacturing method comparison",Informational,Consideration,Global,High,High,Yes,"Verified process scope; examples",Resources; Products,Custom Parts; CNC; RFQ,Discuss Manufacturing Route,Article after completion,INDEX AFTER CONTENT COMPLETE,EXCLUDE UNTIL QA,High,3,Must reflect actual capability
RES-017,Resources,Procurement Guide,/resources/how-to-source-carbon-fiber-sheets/,How to Source Carbon Fiber Sheets,Supplier and Procurement Guides,source carbon fiber sheets,"manufacturer; supplier evaluation",Commercial Investigation,Supplier Evaluation,Global / GCC,High,High,Yes,"Procurement checklist; proof types",Resources; Sheets,Sheets; Quality; RFQ,Request Supplier Information,Article after completion,INDEX AFTER CONTENT COMPLETE,EXCLUDE UNTIL QA,High,2,Neutral useful checklist
RES-018,Resources,Procurement Guide,/resources/carbon-fiber-sheet-supplier-checklist/,Carbon Fiber Sheet Supplier Evaluation Checklist,Supplier and Procurement Guides,carbon fiber sheet supplier checklist,"factory audit; QC; RFQ",Commercial Investigation,Supplier Evaluation,Global / GCC,Very High,High,Yes,"Audit evidence; checklist",Resources; Sheets,Quality; Packaging; RFQ,Request Audit Documents,Article after completion,INDEX AFTER CONTENT COMPLETE,EXCLUDE UNTIL QA,High,2,Use only verified Aero proof
RES-019,Resources,Procurement Guide,/resources/what-to-include-carbon-fiber-rfq/,What Information to Include in a Carbon Fiber RFQ,Supplier and Procurement Guides,carbon fiber RFQ requirements,"drawing; quantity; finish; delivery",Informational,RFQ,Global / GCC,Very High,Medium,Yes,"Current form fields; buyer checklist",Resources; Products,Products; Capabilities; RFQ,Start Your RFQ,Article after completion,INDEX AFTER CONTENT COMPLETE,EXCLUDE UNTIL QA,Critical,2,Align with actual form
RES-020,Resources,Procurement Guide,/resources/carbon-fiber-sheet-moq/,Carbon Fiber Sheet MOQ Explained,Supplier and Procurement Guides,carbon fiber sheet MOQ,"sample order; batch quantity",Informational,Consideration,Global,High,Medium,Yes,"Verified MOQ policy",Resources; Sheets,Sheets; RFQ,Ask About Quantity,Article after completion,NEEDS BUSINESS VERIFICATION,EXCLUDE,Medium,2,No numeric MOQ before approval
RES-021,Resources,Procurement Guide,/resources/carbon-fiber-lead-time-factors/,Carbon Fiber Sheet Lead Time Factors,Supplier and Procurement Guides,carbon fiber sheet lead time,"production planning; delivery factors",Informational,Consideration,Global / GCC,High,High,Yes,"Verified workflow; no promises",Resources; Sheets,Capabilities; Shipping; RFQ,Discuss Target Date,Article after completion,NEEDS BUSINESS VERIFICATION,EXCLUDE,Medium,2,No fixed days without policy
RES-022,Resources,Procurement Guide,/resources/compare-carbon-fiber-supplier-quotes/,How to Compare Carbon Fiber Supplier Quotations,Supplier and Procurement Guides,compare carbon fiber quotations,"supplier quote checklist",Commercial Investigation,Supplier Evaluation,Global / GCC,High,High,Yes,"Procurement framework",Resources; Sheets,Quality; RFQ guide; RFQ,Request Comparable Quote,Article after completion,INDEX AFTER CONTENT COMPLETE,EXCLUDE UNTIL QA,Medium,2,Buyer-first content
RES-023,Resources,Procurement Guide,/resources/packaging-shipping-carbon-fiber-sheets/,Packaging and Shipping Carbon Fiber Sheets,Supplier and Procurement Guides,shipping carbon fiber sheets,"export packaging; sheet protection",Informational,Purchase,Middle East / GCC,High,High,Yes,"Verified packaging options; images",Resources; Capabilities,Export packaging; RFQ,Discuss Packaging,Article after completion,NEEDS BUSINESS VERIFICATION,EXCLUDE,High,3,Verify options/documents
RES-024,Resources,Regional Guide,/resources/uae-carbon-fiber-procurement/,Carbon Fiber Sheet Procurement for UAE OEM Buyers,Middle East Buyer Guides,carbon fiber sheet supplier UAE,"UAE OEM procurement; shipping",Commercial Investigation,Supplier Evaluation,UAE,High,High,Yes,"Distinct logistics/procurement review",Resources; Procurement,Sheets; Shipping; RFQ,Discuss UAE Requirement,Article after completion,INDEX AFTER CONTENT COMPLETE,EXCLUDE UNTIL QA,High,3,Not a doorway page
RES-025,Resources,Regional Guide,/resources/saudi-carbon-fiber-industrial-projects/,Carbon Fiber Materials for Saudi Industrial Projects,Middle East Buyer Guides,carbon fiber Saudi industrial projects,"Saudi procurement; industrial materials",Commercial Investigation,Supplier Evaluation,Saudi Arabia,High,High,Yes,"Distinct procurement/application value",Resources; Applications,Sheets; Industrial; Shipping; RFQ,Discuss Saudi Requirement,Article after completion,INDEX AFTER CONTENT COMPLETE,EXCLUDE UNTIL QA,High,3,No project-experience claims
RES-026,Resources,Regional Guide,/resources/gcc-carbon-fiber-procurement/,Carbon Fiber Procurement for GCC Engineering Companies,Middle East Buyer Guides,carbon fiber procurement GCC,"engineering buyers; supplier qualification",Commercial Investigation,Supplier Evaluation,GCC,High,High,Yes,"GCC procurement distinctions",Resources; Procurement,Products; Quality; Shipping; RFQ,Discuss GCC Requirement,Article after completion,INDEX AFTER CONTENT COMPLETE,EXCLUDE UNTIL QA,High,3,Avoid duplicating UAE/Saudi pages
FAQ-001,FAQ,FAQ Hub,/faq/,Carbon Fiber Product and RFQ FAQs,Home,carbon fiber FAQ,"product; CNC; MOQ; shipping",Informational,Consideration,Global / GCC,Medium,High,Yes,"Verified policies and answers",Products; Resources,Products; Capabilities; RFQ,Ask a Question,FAQPage only if eligible,INDEX AFTER CONTENT COMPLETE,EXCLUDE UNTIL QA,Medium,2,Group questions; do not create thin URLs
CASE-001,Case Studies,Case Study,/case-studies/,Carbon Fiber Case Studies,Home,carbon fiber case studies,"UAV prototype; robot chassis; industrial parts",Commercial Investigation,Supplier Evaluation,Global / GCC,High,High,Yes,"Permissions; evidence; outcomes; rights",About; Products,Verified studies; RFQ,Discuss a Similar Requirement,None,NOINDEX PLACEHOLDER,EXCLUDE,Low,3,Do not fabricate or index empty landing
ABOUT-001,About,About,/about/,About Aero Carbon Tech,Home,Aero Carbon Tech,"factory audit; manufacturing support",Navigational,Supplier Evaluation,Global / GCC,High,High,Yes,"Legal/brand review; audit evidence",Global,Factory; Capabilities; Contact,Request Factory Documents,Organization,INDEX AFTER CONTENT COMPLETE,EXCLUDE UNTIL QA,Medium,2,Clarify brand/legal entity carefully
CONTACT-001,Contact,Contact,/contact/,Request a Carbon Fiber Quote,Home,carbon fiber RFQ,"request quote; send drawing",Transactional,RFQ,Global / GCC,Very High,Medium,Yes,"Approved form behavior; privacy details",Global; Products; Guides,Products; Privacy if created,Request Factory Quote,None,DO NOT CREATE,EXCLUDE,Low,Future,Current /#contact is protected and sufficient
